[
  {
    "path": "/",
    "component": "Index"
  },
  {
    "path": "/modular",
    "component": "ModularPage"
  },
  {
    "path": "/workbench",
    "component": "Workbench"
  },
  {
    "path": "/files",
    "component": "FileExplorer"
  },
  {
    "path": "/knowledge",
    "component": "KnowledgePage"
  },
  {
    "path": "/agents",
    "component": "AgentsPage"
  },
  {
    "path": "/debate",
    "component": "DebateRoom"
  },
  {
    "path": "/login",
    "component": "LoginScreen"
  },
  {
    "path": "/dashboard",
    "component": "DashboardView"
  },
  {
    "path": "/database",
    "component": "DatabaseExplorer"
  },
  {
    "path": "/email",
    "component": "EmailClientView"
  },
  {
    "path": "/terminal",
    "component": "Terminal"
  },
  {
    "path": "/crew",
    "component": "CrewChat"
  },
  {
    "path": "/timeline",
    "component": "TimelineView"
  },
  {
    "path": "/intel",
    "component": "IntelView"
  },
  {
    "path": "/capabilities",
    "component": "CapabilitiesView"
  },
  {
    "path": "/mission-plan",
    "component": "MissionPlanView"
  },
  {
    "path": "/mission-vitals",
    "component": "MissionVitals"
  },
  {
    "path": "/mission-debrief",
    "component": "MissionDebriefView"
  },
  {
    "path": "/vault",
    "component": "VaultView"
  },
  {
    "path": "/automation-plan",
    "component": "AutomationPlanView"
  },
  {
    "path": "/commander-log",
    "component": "CommanderLog"
  },
  {
    "path": "/project-status",
    "component": "ProjectStatusDisplay",
    "source": "contrib"
  },
  {
    "path": "/crew-card",
    "component": "CrewMemberCard",
    "source": "contrib"
  },
  {
    "path": "/avatars",
    "component": "Avatars*",
    "source": "contrib"
  },
  {
    "path": "/search",
    "component": "GlobalSearchBar",
    "source": "contrib"
  }
]