{
  "name": "christina-temp",
  "version": "1.0.0",
  "lockfileVersion": 3,
  "requires": true,
  "packages": {
    "": {
      "name": "christina-temp",
      "version": "1.0.0",
      "license": "ISC",
      "dependencies": {
        "archiver": "^7.0.1"
      },
      "devDependencies": {
        "@types/archiver": "^6.0.3",
        "@types/node": "^24.9.0",
        "ts-node": "^10.9.2",
        "typescript": "^5.9.3"
      }
    },
    "node_modules/@cspotcode/source-map-support": {
      "version": "0.8.1",
      "resolved": "https://registry.npmjs.org/@cspotcode/source-map-support/-/source-map-support-0.8.1.tgz",
      "integrity": "sha512-IchNf6dN4tHoMFIn/7OE8LWZ19Y6q/67Bmf6vnGREv8RSbBVb9LPJxEcnwrcwX6ixSvaiGoomAUvu4YSxXrVgw==",
      "dev": true,
      "license": "MIT",
      "dependencies": {
        "@jridgewell/trace-mapping": "0.3.9"
      },
      "engines": {
        "node": ">=12"
      }
    },
    "node_modules/@isaacs/cliui": {
      "version": "8.0.2",
      "resolved": "https://registry.npmjs.org/@isaacs/cliui/-/cliui-8.0.2.tgz",
      "integrity": "sha512-O8jcjabXaleOG9DQ0+ARXWZBTfnP4WNAqzuiJK7ll44AmxGKv/J2M4TPjxjY3znBCfvBXFzucm1twdyFybFqEA==",
      "license": "ISC",
      "dependencies": {
        "string-width": "^5.1.2",
        "string-width-cjs": "npm:string-width@^4.2.0",
        "strip-ansi": "^7.0.1",
        "strip-ansi-cjs": "npm:strip-ansi@^6.0.1",
        "wrap-ansi": "^8.1.0",
        "wrap-ansi-cjs": "npm:wrap-ansi@^7.0.0"
      },
      "engines": {
        "node": ">=12"
      }
    },
    "node_modules/@jridgewell/resolve-uri": {
      "version": "3.1.2",
      "resolved": "https://registry.npmjs.org/@jridgewell/resolve-uri/-/resolve-uri-3.1.2.tgz",
      "integrity": "sha512-bRISgCIjP20/tbWSPWMEi54QVPRZExkuD9lJL+UIxUKtwVJA8wW1Trb1jMs1RFXo1CBTNZ/5hpC9QvmKWdopKw==",
      "dev": true,
      "license": "MIT",
      "engines": {
        "node": ">=6.0.0"
      }
    },
    "node_modules/@jridgewell/sourcemap-codec": {
      "version": "1.5.5",
      "resolved": "https://registry.npmjs.org/@jridgewell/sourcemap-codec/-/sourcemap-codec-1.5.5.tgz",
      "integrity": "sha512-cYQ9310grqxueWbl+WuIUIaiUaDcj7WOq5fVhEljNVgRfOUhY9fy2zTvfoqWsnebh8Sl70VScFbICvJnLKB0Og==",
      "dev": true,
      "license": "MIT"
    },
    "node_modules/@jridgewell/trace-mapping": {
      "version": "0.3.9",
      "resolved": "https://registry.npmjs.org/@jridgewell/trace-mapping/-/trace-mapping-0.3.9.tgz",
      "integrity": "sha512-3Belt6tdc8bPgAtbcmdtNJlirVoTmEb5e2gC94PnkwEW9jI6CAHUeoG85tjWP5WquqfavoMtMwiG4P926ZKKuQ==",
      "dev": true,
      "license": "MIT",
      "dependencies": {
        "@jridgewell/resolve-uri": "^3.0.3",
        "@jridgewell/sourcemap-codec": "^1.4.10"
      }
    },
    "node_modules/@pkgjs/parseargs": {
      "version": "0.11.0",
      "resolved": "https://registry.npmjs.org/@pkgjs/parseargs/-/parseargs-0.11.0.tgz",
      "integrity": "sha512-+1VkjdD0QBLPodGrJUeqarH8VAIvQODIbwh9XpP5Syisf7YoQgsJKPNFoqqLQlu+VQ/tVSshMR6loPMn8U+dPg==",
      "license": "MIT",
      "optional": true,
      "engines": {
        "node": ">=14"
      }
    },
    "node_modules/@tsconfig/node10": {
      "version": "1.0.11",
      "resolved": "https://registry.npmjs.org/@tsconfig/node10/-/node10-1.0.11.tgz",
      "integrity": "sha512-DcRjDCujK/kCk/cUe8Xz8ZSpm8mS3mNNpta+jGCA6USEDfktlNvm1+IuZ9eTcDbNk41BHwpHHeW+N1lKCz4zOw==",
      "dev": true,
      "license": "MIT"
    },
    "node_modules/@tsconfig/node12": {
      "version": "1.0.11",
      "resolved": "https://registry.npmjs.org/@tsconfig/node12/-/node12-1.0.11.tgz",
      "integrity": "sha512-cqefuRsh12pWyGsIoBKJA9luFu3mRxCA+ORZvA4ktLSzIuCUtWVxGIuXigEwO5/ywWFMZ2QEGKWvkZG1zDMTag==",
      "dev": true,
      "license": "MIT"
    },
    "node_modules/@tsconfig/node14": {
      "version": "1.0.3",
      "resolved": "https://registry.npmjs.org/@tsconfig/node14/-/node14-1.0.3.tgz",
      "integrity": "sha512-ysT8mhdixWK6Hw3i1V2AeRqZ5WfXg1G43mqoYlM2nc6388Fq5jcXyr5mRsqViLx/GJYdoL0bfXD8nmF+Zn/Iow==",
      "dev": true,
      "license": "MIT"
    },
    "node_modules/@tsconfig/node16": {
      "version": "1.0.4",
      "resolved": "https://registry.npmjs.org/@tsconfig/node16/-/node16-1.0.4.tgz",
      "integrity": "sha512-vxhUy4J8lyeyinH7Azl1pdd43GJhZH/tP2weN8TntQblOY+A0XbT8DJk1/oCPuOOyg/Ja757rG0CgHcWC8OfMA==",
      "dev": true,
      "license": "MIT"
    },
    "node_modules/@types/archiver": {
      "version": "6.0.3",
      "resolved": "https://registry.npmjs.org/@types/archiver/-/archiver-6.0.3.tgz",
      "integrity": "sha512-a6wUll6k3zX6qs5KlxIggs1P1JcYJaTCx2gnlr+f0S1yd2DoaEwoIK10HmBaLnZwWneBz+JBm0dwcZu0zECBcQ==",
      "dev": true,
      "license": "MIT",
      "dependencies": {
        "@types/readdir-glob": "*"
      }
    },
    "node_modules/@types/node": {
      "version": "24.9.0",
      "resolved": "https://registry.npmjs.org/@types/node/-/node-24.9.0.tgz",
      "integrity": "sha512-MKNwXh3seSK8WurXF7erHPJ2AONmMwkI7zAMrXZDPIru8jRqkk6rGDBVbw4mLwfqA+ZZliiDPg05JQ3uW66tKQ==",
      "dev": true,
      "license": "MIT",
      "peer": true,
      "dependencies": {
        "undici-types": "~7.16.0"
      }
    },
    "node_modules/@types/readdir-glob": {
      "version": "1.1.5",
      "resolved": "https://registry.npmjs.org/@types/readdir-glob/-/readdir-glob-1.1.5.tgz",
      "integrity": "sha512-raiuEPUYqXu+nvtY2Pe8s8FEmZ3x5yAH4VkLdihcPdalvsHltomrRC9BzuStrJ9yk06470hS0Crw0f1pXqD+Hg==",
      "dev": true,
      "license": "MIT",
      "dependencies": {
        "@types/node": "*"
      }
    },
    "node_modules/abort-controller": {
      "version": "3.0.0",
      "resolved": "https://registry.npmjs.org/abort-controller/-/abort-controller-3.0.0.tgz",
      "integrity": "sha512-h8lQ8tacZYnR3vNQTgibj+tODHI5/+l06Au2Pcriv/Gmet0eaj4TwWH41sO9wnHDiQsEj19q0drzdWdeAHtweg==",
      "license": "MIT",
      "dependencies": {
        "event-target-shim": "^5.0.0"
      },
      "engines": {
        "node": ">=6.5"
      }
    },
    "node_modules/acorn": {
      "version": "8.15.0",
      "resolved": "https://registry.npmjs.org/acorn/-/acorn-8.15.0.tgz",
      "integrity": "sha512-NZyJarBfL7nWwIq+FDL6Zp/yHEhePMNnnJ0y3qfieCrmNvYct8uvtiV41UvlSe6apAfk0fY1FbWx+NwfmpvtTg==",
      "dev": true,
      "license": "MIT",
      "bin": {
        "acorn": "bin/acorn"
      },
      "engines": {
        "node": ">=0.4.0"
      }
    },
    "node_modules/acorn-walk": {
      "version": "8.3.4",
      "resolved": "https://registry.npmjs.org/acorn-walk/-/acorn-walk-8.3.4.tgz",
      "integrity": "sha512-ueEepnujpqee2o5aIYnvHU6C0A42MNdsIDeqy5BydrkuC5R1ZuUFnm27EeFJGoEHJQgn3uleRvmTXaJgfXbt4g==",
      "dev": true,
      "license": "MIT",
      "dependencies": {
        "acorn": "^8.11.0"
      },
      "engines": {
        "node": ">=0.4.0"
      }
    },
    "node_modules/ansi-regex": {
      "version": "6.2.2",
      "resolved": "https://registry.npmjs.org/ansi-regex/-/ansi-regex-6.2.2.tgz",
      "integrity": "sha512-Bq3SmSpyFHaWjPk8If9yc6svM8c56dB5BAtW4Qbw5jHTwwXXcTLoRMkpDJp6VL0XzlWaCHTXrkFURMYmD0sLqg==",
      "license": "MIT",
      "engines": {
        "node": ">=12"
      },
      "funding": {
        "url": "https://github.com/chalk/ansi-regex?sponsor=1"
      }
    },
    "node_modules/ansi-styles": {
      "version": "6.2.3",
      "resolved": "https://registry.npmjs.org/ansi-styles/-/ansi-styles-6.2.3.tgz",
      "integrity": "sha512-4Dj6M28JB+oAH8kFkTLUo+a2jwOFkuqb3yucU0CANcRRUbxS0cP0nZYCGjcc3BNXwRIsUVmDGgzawme7zvJHvg==",
      "license": "MIT",
      "engines": {
        "node": ">=12"
      },
      "funding": {
        "url": "https://github.com/chalk/ansi-styles?sponsor=1"
      }
    },
    "node_modules/archiver": {
      "version": "7.0.1",
      "resolved": "https://registry.npmjs.org/archiver/-/archiver-7.0.1.tgz",
      "integrity": "sha512-ZcbTaIqJOfCc03QwD468Unz/5Ir8ATtvAHsK+FdXbDIbGfihqh9mrvdcYunQzqn4HrvWWaFyaxJhGZagaJJpPQ==",
      "license": "MIT",
      "dependencies": {
        "archiver-utils": "^5.0.2",
        "async": "^3.2.4",
        "buffer-crc32": "^1.0.0",
        "readable-stream": "^4.0.0",
        "readdir-glob": "^1.1.2",
        "tar-stream": "^3.0.0",
        "zip-stream": "^6.0.1"
      },
      "engines": {
        "node": ">= 14"
      }
    },
    "node_modules/archiver-utils": {
      "version": "5.0.2",
      "resolved": "https://registry.npmjs.org/archiver-utils/-/archiver-utils-5.0.2.tgz",
      "integrity": "sha512-wuLJMmIBQYCsGZgYLTy5FIB2pF6Lfb6cXMSF8Qywwk3t20zWnAi7zLcQFdKQmIB8wyZpY5ER38x08GbwtR2cLA==",
      "license": "MIT",
      "dependencies": {
        "glob": "^10.0.0",
        "graceful-fs": "^4.2.0",
        "is-stream": "^2.0.1",
        "lazystream": "^1.0.0",
        "lodash": "^4.17.15",
        "normalize-path": "^3.0.0",
        "readable-stream": "^4.0.0"
      },
      "engines": {
        "node": ">= 14"
      }
    },
    "node_modules/arg": {
      "version": "4.1.3",
      "resolved": "https://registry.npmjs.org/arg/-/arg-4.1.3.tgz",
      "integrity": "sha512-58S9QDqG0Xx27YwPSt9fJxivjYl432YCwfDMfZ+71RAqUrZef7LrKQZ3LHLOwCS4FLNBplP533Zx895SeOCHvA==",
      "dev": true,
      "license": "MIT"
    },
    "node_modules/async": {
      "version": "3.2.6",
      "resolved": "https://registry.npmjs.org/async/-/async-3.2.6.tgz",
      "integrity": "sha512-htCUDlxyyCLMgaM3xXg0C0LW2xqfuQ6p05pCEIsXuyQ+a1koYKTuBMzRNwmybfLgvJDMd0r1LTn4+E0Ti6C2AA==",
      "license": "MIT"
    },
    "node_modules/b4a": {
      "version": "1.7.3",
      "resolved": "https://registry.npmjs.org/b4a/-/b4a-1.7.3.tgz",
      "integrity": "sha512-5Q2mfq2WfGuFp3uS//0s6baOJLMoVduPYVeNmDYxu5OUA1/cBfvr2RIS7vi62LdNj/urk1hfmj867I3qt6uZ7Q==",
      "license": "Apache-2.0",
      "peerDependencies": {
        "react-native-b4a": "*"
      },
      "peerDependenciesMeta": {
        "react-native-b4a": {
          "optional": true
        }
      }
    },
    "node_modules/balanced-match": {
      "version": "1.0.2",
      "resolved": "https://registry.npmjs.org/balanced-match/-/balanced-match-1.0.2.tgz",
      "integrity": "sha512-3oSeUO0TMV67hN1AmbXsK4yaqU7tjiHlbxRDZOpH0KW9+CeX4bRAaX0Anxt0tx2MrpRpWwQaPwIlISEJhYU5Pw==",
      "license": "MIT"
    },
    "node_modules/bare-events": {
      "version": "2.8.0",
      "resolved": "https://registry.npmjs.org/bare-events/-/bare-events-2.8.0.tgz",
      "integrity": "sha512-AOhh6Bg5QmFIXdViHbMc2tLDsBIRxdkIaIddPslJF9Z5De3APBScuqGP2uThXnIpqFrgoxMNC6km7uXNIMLHXA==",
      "license": "Apache-2.0",
      "peerDependencies": {
        "bare-abort-controller": "*"
      },
      "peerDependenciesMeta": {
        "bare-abort-controller": {
          "optional": true
        }
      }
    },
    "node_modules/base64-js": {
      "version": "1.5.1",
      "resolved": "https://registry.npmjs.org/base64-js/-/base64-js-1.5.1.tgz",
      "integrity": "sha512-AKpaYlHn8t4SVbOHCy+b5+KKgvR4vrsD8vbvrbiQJps7fKDTkjkDry6ji0rUJjC0kzbNePLwzxq8iypo41qeWA==",
      "funding": [
        {
          "type": "github",
          "url": "https://github.com/sponsors/feross"
        },
        {
          "type": "patreon",
          "url": "https://www.patreon.com/feross"
        },
        {
          "type": "consulting",
          "url": "https://feross.org/support"
        }
      ],
      "license": "MIT"
    },
    "node_modules/brace-expansion": {
      "version": "2.0.2",
      "resolved": "https://registry.npmjs.org/brace-expansion/-/brace-expansion-2.0.2.tgz",
      "integrity": "sha512-Jt0vHyM+jmUBqojB7E1NIYadt0vI0Qxjxd2TErW94wDz+E2LAm5vKMXXwg6ZZBTHPuUlDgQHKXvjGBdfcF1ZDQ==",
      "license": "MIT",
      "dependencies": {
        "balanced-match": "^1.0.0"
      }
    },
    "node_modules/buffer": {
      "version": "6.0.3",
      "resolved": "https://registry.npmjs.org/buffer/-/buffer-6.0.3.tgz",
      "integrity": "sha512-FTiCpNxtwiZZHEZbcbTIcZjERVICn9yq/pDFkTl95/AxzD1naBctN7YO68riM/gLSDY7sdrMby8hofADYuuqOA==",
      "funding": [
        {
          "type": "github",
          "url": "https://github.com/sponsors/feross"
        },
        {
          "type": "patreon",
          "url": "https://www.patreon.com/feross"
        },
        {
          "type": "consulting",
          "url": "https://feross.org/support"
        }
      ],
      "license": "MIT",
      "dependencies": {
        "base64-js": "^1.3.1",
        "ieee754": "^1.2.1"
      }
    },
    "node_modules/buffer-crc32": {
      "version": "1.0.0",
      "resolved": "https://registry.npmjs.org/buffer-crc32/-/buffer-crc32-1.0.0.tgz",
      "integrity": "sha512-Db1SbgBS/fg/392AblrMJk97KggmvYhr4pB5ZIMTWtaivCPMWLkmb7m21cJvpvgK+J3nsU2CmmixNBZx4vFj/w==",
      "license": "MIT",
      "engines": {
        "node": ">=8.0.0"
      }
    },
    "node_modules/color-convert": {
      "version": "2.0.1",
      "resolved": "https://registry.npmjs.org/color-convert/-/color-convert-2.0.1.tgz",
      "integrity": "sha512-RRECPsj7iu/xb5oKYcsFHSppFNnsj/52OVTRKb4zP5onXwVF3zVmmToNcOfGC+CRDpfK/U584fMg38ZHCaElKQ==",
      "license": "MIT",
      "dependencies": {
        "color-name": "~1.1.4"
      },
      "engines": {
        "node": ">=7.0.0"
      }
    },
    "node_modules/color-name": {
      "version": "1.1.4",
      "resolved": "https://registry.npmjs.org/color-name/-/color-name-1.1.4.tgz",
      "integrity": "sha512-dOy+3AuW3a2wNbZHIuMZpTcgjGuLU/uBL/ubcZF9OXbDo8ff4O8yVp5Bf0efS8uEoYo5q4Fx7dY9OgQGXgAsQA==",
      "license": "MIT"
    },
    "node_modules/compress-commons": {
      "version": "6.0.2",
      "resolved": "https://registry.npmjs.org/compress-commons/-/compress-commons-6.0.2.tgz",
      "integrity": "sha512-6FqVXeETqWPoGcfzrXb37E50NP0LXT8kAMu5ooZayhWWdgEY4lBEEcbQNXtkuKQsGduxiIcI4gOTsxTmuq/bSg==",
      "license": "MIT",
      "dependencies": {
        "crc-32": "^1.2.0",
        "crc32-stream": "^6.0.0",
        "is-stream": "^2.0.1",
        "normalize-path": "^3.0.0",
        "readable-stream": "^4.0.0"
      },
      "engines": {
        "node": ">= 14"
      }
    },
    "node_modules/core-util-is": {
      "version": "1.0.3",
      "resolved": "https://registry.npmjs.org/core-util-is/-/core-util-is-1.0.3.tgz",
      "integrity": "sha512-ZQBvi1DcpJ4GDqanjucZ2Hj3wEO5pZDS89BWbkcrvdxksJorwUDDZamX9ldFkp9aw2lmBDLgkObEA4DWNJ9FYQ==",
      "license": "MIT"
    },
    "node_modules/crc-32": {
      "version": "1.2.2",
      "resolved": "https://registry.npmjs.org/crc-32/-/crc-32-1.2.2.tgz",
      "integrity": "sha512-ROmzCKrTnOwybPcJApAA6WBWij23HVfGVNKqqrZpuyZOHqK2CwHSvpGuyt/UNNvaIjEd8X5IFGp4Mh+Ie1IHJQ==",
      "license": "Apache-2.0",
      "bin": {
        "crc32": "bin/crc32.njs"
      },
      "engines": {
        "node": ">=0.8"
      }
    },
    "node_modules/crc32-stream": {
      "version": "6.0.0",
      "resolved": "https://registry.npmjs.org/crc32-stream/-/crc32-stream-6.0.0.tgz",
      "integrity": "sha512-piICUB6ei4IlTv1+653yq5+KoqfBYmj9bw6LqXoOneTMDXk5nM1qt12mFW1caG3LlJXEKW1Bp0WggEmIfQB34g==",
      "license": "MIT",
      "dependencies": {
        "crc-32": "^1.2.0",
        "readable-stream": "^4.0.0"
      },
      "engines": {
        "node": ">= 14"
      }
    },
    "node_modules/create-require": {
      "version": "1.1.1",
      "resolved": "https://registry.npmjs.org/create-require/-/create-require-1.1.1.tgz",
      "integrity": "sha512-dcKFX3jn0MpIaXjisoRvexIJVEKzaq7z2rZKxf+MSr9TkdmHmsU4m2lcLojrj/FHl8mk5VxMmYA+ftRkP/3oKQ==",
      "dev": true,
      "license": "MIT"
    },
    "node_modules/cross-spawn": {
      "version": "7.0.6",
      "resolved": "https://registry.npmjs.org/cross-spawn/-/cross-spawn-7.0.6.tgz",
      "integrity": "sha512-uV2QOWP2nWzsy2aMp8aRibhi9dlzF5Hgh5SHaB9OiTGEyDTiJJyx0uy51QXdyWbtAHNua4XJzUKca3OzKUd3vA==",
      "license": "MIT",
      "dependencies": {
        "path-key": "^3.1.0",
        "shebang-command": "^2.0.0",
        "which": "^2.0.1"
      },
      "engines": {
        "node": ">= 8"
      }
    },
    "node_modules/diff": {
      "version": "4.0.2",
      "resolved": "https://registry.npmjs.org/diff/-/diff-4.0.2.tgz",
      "integrity": "sha512-58lmxKSA4BNyLz+HHMUzlOEpg09FV+ev6ZMe3vJihgdxzgcwZ8VoEEPmALCZG9LmqfVoNMMKpttIYTVG6uDY7A==",
      "dev": true,
      "license": "BSD-3-Clause",
      "engines": {
        "node": ">=0.3.1"
      }
    },
    "node_modules/eastasianwidth": {
      "version": "0.2.0",
      "resolved": "https://registry.npmjs.org/eastasianwidth/-/eastasianwidth-0.2.0.tgz",
      "integrity": "sha512-I88TYZWc9XiYHRQ4/3c5rjjfgkjhLyW2luGIheGERbNQ6OY7yTybanSpDXZa8y7VUP9YmDcYa+eyq4ca7iLqWA==",
      "license": "MIT"
    },
    "node_modules/emoji-regex": {
      "version": "9.2.2",
      "resolved": "https://registry.npmjs.org/emoji-regex/-/emoji-regex-9.2.2.tgz",
      "integrity": "sha512-L18DaJsXSUk2+42pv8mLs5jJT2hqFkFE4j21wOmgbUqsZ2hL72NsUU785g9RXgo3s0ZNgVl42TiHp3ZtOv/Vyg==",
      "license": "MIT"
    },
    "node_modules/event-target-shim": {
      "version": "5.0.1",
      "resolved": "https://registry.npmjs.org/event-target-shim/-/event-target-shim-5.0.1.tgz",
      "integrity": "sha512-i/2XbnSz/uxRCU6+NdVJgKWDTM427+MqYbkQzD321DuCQJUqOuJKIA0IM2+W2xtYHdKOmZ4dR6fExsd4SXL+WQ==",
      "license": "MIT",
      "engines": {
        "node": ">=6"
      }
    },
    "node_modules/events": {
      "version": "3.3.0",
      "resolved": "https://registry.npmjs.org/events/-/events-3.3.0.tgz",
      "integrity": "sha512-mQw+2fkQbALzQ7V0MY0IqdnXNOeTtP4r0lN9z7AAawCXgqea7bDii20AYrIBrFd/Hx0M2Ocz6S111CaFkUcb0Q==",
      "license": "MIT",
      "engines": {
        "node": ">=0.8.x"
      }
    },
    "node_modules/events-universal": {
      "version": "1.0.1",
      "resolved": "https://registry.npmjs.org/events-universal/-/events-universal-1.0.1.tgz",
      "integrity": "sha512-LUd5euvbMLpwOF8m6ivPCbhQeSiYVNb8Vs0fQ8QjXo0JTkEHpz8pxdQf0gStltaPpw0Cca8b39KxvK9cfKRiAw==",
      "license": "Apache-2.0",
      "dependencies": {
        "bare-events": "^2.7.0"
      }
    },
    "node_modules/fast-fifo": {
      "version": "1.3.2",
      "resolved": "https://registry.npmjs.org/fast-fifo/-/fast-fifo-1.3.2.tgz",
      "integrity": "sha512-/d9sfos4yxzpwkDkuN7k2SqFKtYNmCTzgfEpz82x34IM9/zc8KGxQoXg1liNC/izpRM/MBdt44Nmx41ZWqk+FQ==",
      "license": "MIT"
    },
    "node_modules/foreground-child": {
      "version": "3.3.1",
      "resolved": "https://registry.npmjs.org/foreground-child/-/foreground-child-3.3.1.tgz",
      "integrity": "sha512-gIXjKqtFuWEgzFRJA9WCQeSJLZDjgJUOMCMzxtvFq/37KojM1BFGufqsCy0r4qSQmYLsZYMeyRqzIWOMup03sw==",
      "license": "ISC",
      "dependencies": {
        "cross-spawn": "^7.0.6",
        "signal-exit": "^4.0.1"
      },
      "engines": {
        "node": ">=14"
      },
      "funding": {
        "url": "https://github.com/sponsors/isaacs"
      }
    },
    "node_modules/glob": {
      "version": "10.4.5",
      "resolved": "https://registry.npmjs.org/glob/-/glob-10.4.5.tgz",
      "integrity": "sha512-7Bv8RF0k6xjo7d4A/PxYLbUCfb6c+Vpd2/mB2yRDlew7Jb5hEXiCD9ibfO7wpk8i4sevK6DFny9h7EYbM3/sHg==",
      "license": "ISC",
      "dependencies": {
        "foreground-child": "^3.1.0",
        "jackspeak": "^3.1.2",
        "minimatch": "^9.0.4",
        "minipass": "^7.1.2",
        "package-json-from-dist": "^1.0.0",
        "path-scurry": "^1.11.1"
      },
      "bin": {
        "glob": "dist/esm/bin.mjs"
      },
      "funding": {
        "url": "https://github.com/sponsors/isaacs"
      }
    },
    "node_modules/graceful-fs": {
      "version": "4.2.11",
      "resolved": "https://registry.npmjs.org/graceful-fs/-/graceful-fs-4.2.11.tgz",
      "integrity": "sha512-RbJ5/jmFcNNCcDV5o9eTnBLJ/HszWV0P73bc+Ff4nS/rJj+YaS6IGyiOL0VoBYX+l1Wrl3k63h/KrH+nhJ0XvQ==",
      "license": "ISC"
    },
    "node_modules/ieee754": {
      "version": "1.2.1",
      "resolved": "https://registry.npmjs.org/ieee754/-/ieee754-1.2.1.tgz",
      "integrity": "sha512-dcyqhDvX1C46lXZcVqCpK+FtMRQVdIMN6/Df5js2zouUsqG7I6sFxitIC+7KYK29KdXOLHdu9zL4sFnoVQnqaA==",
      "funding": [
        {
          "type": "github",
          "url": "https://github.com/sponsors/feross"
        },
        {
          "type": "patreon",
          "url": "https://www.patreon.com/feross"
        },
        {
          "type": "consulting",
          "url": "https://feross.org/support"
        }
      ],
      "license": "BSD-3-Clause"
    },
    "node_modules/inherits": {
      "version": "2.0.4",
      "resolved": "https://registry.npmjs.org/inherits/-/inherits-2.0.4.tgz",
      "integrity": "sha512-k/vGaX4/Yla3WzyMCvTQOXYeIHvqOKtnqBduzTHpzpQZzAskKMhZ2K+EnBiSM9zGSoIFeMpXKxa4dYeZIQqewQ==",
      "license": "ISC"
    },
    "node_modules/is-fullwidth-code-point": {
      "version": "3.0.0",
      "resolved": "https://registry.npmjs.org/is-fullwidth-code-point/-/is-fullwidth-code-point-3.0.0.tgz",
      "integrity": "sha512-zymm5+u+sCsSWyD9qNaejV3DFvhCKclKdizYaJUuHA83RLjb7nSuGnddCHGv0hk+KY7BMAlsWeK4Ueg6EV6XQg==",
      "license": "MIT",
      "engines": {
        "node": ">=8"
      }
    },
    "node_modules/is-stream": {
      "version": "2.0.1",
      "resolved": "https://registry.npmjs.org/is-stream/-/is-stream-2.0.1.tgz",
      "integrity": "sha512-hFoiJiTl63nn+kstHGBtewWSKnQLpyb155KHheA1l39uvtO9nWIop1p3udqPcUd/xbF1VLMO4n7OI6p7RbngDg==",
      "license": "MIT",
      "engines": {
        "node": ">=8"
      },
      "funding": {
        "url": "https://github.com/sponsors/sindresorhus"
      }
    },
    "node_modules/isarray": {
      "version": "1.0.0",
      "resolved": "https://registry.npmjs.org/isarray/-/isarray-1.0.0.tgz",
      "integrity": "sha512-VLghIWNM6ELQzo7zwmcg0NmTVyWKYjvIeM83yjp0wRDTmUnrM678fQbcKBo6n2CJEF0szoG//ytg+TKla89ALQ==",
      "license": "MIT"
    },
    "node_modules/isexe": {
      "version": "2.0.0",
      "resolved": "https://registry.npmjs.org/isexe/-/isexe-2.0.0.tgz",
      "integrity": "sha512-RHxMLp9lnKHGHRng9QFhRCMbYAcVpn69smSGcq3f36xjgVVWThj4qqLbTLlq7Ssj8B+fIQ1EuCEGI2lKsyQeIw==",
      "license": "ISC"
    },
    "node_modules/jackspeak": {
      "version": "3.4.3",
      "resolved": "https://registry.npmjs.org/jackspeak/-/jackspeak-3.4.3.tgz",
      "integrity": "sha512-OGlZQpz2yfahA/Rd1Y8Cd9SIEsqvXkLVoSw/cgwhnhFMDbsQFeZYoJJ7bIZBS9BcamUW96asq/npPWugM+RQBw==",
      "license": "BlueOak-1.0.0",
      "dependencies": {
        "@isaacs/cliui": "^8.0.2"
      },
      "funding": {
        "url": "https://github.com/sponsors/isaacs"
      },
      "optionalDependencies": {
        "@pkgjs/parseargs": "^0.11.0"
      }
    },
    "node_modules/lazystream": {
      "version": "1.0.1",
      "resolved": "https://registry.npmjs.org/lazystream/-/lazystream-1.0.1.tgz",
      "integrity": "sha512-b94GiNHQNy6JNTrt5w6zNyffMrNkXZb3KTkCZJb2V1xaEGCk093vkZ2jk3tpaeP33/OiXC+WvK9AxUebnf5nbw==",
      "license": "MIT",
      "dependencies": {
        "readable-stream": "^2.0.5"
      },
      "engines": {
        "node": ">= 0.6.3"
      }
    },
    "node_modules/lazystream/node_modules/readable-stream": {
      "version": "2.3.8",
      "resolved": "https://registry.npmjs.org/readable-stream/-/readable-stream-2.3.8.tgz",
      "integrity": "sha512-8p0AUk4XODgIewSi0l8Epjs+EVnWiK7NoDIEGU0HhE7+ZyY8D1IMY7odu5lRrFXGg71L15KG8QrPmum45RTtdA==",
      "license": "MIT",
      "dependencies": {
        "core-util-is": "~1.0.0",
        "inherits": "~2.0.3",
        "isarray": "~1.0.0",
        "process-nextick-args": "~2.0.0",
        "safe-buffer": "~5.1.1",
        "string_decoder": "~1.1.1",
        "util-deprecate": "~1.0.1"
      }
    },
    "node_modules/lazystream/node_modules/safe-buffer": {
      "version": "5.1.2",
      "resolved": "https://registry.npmjs.org/safe-buffer/-/safe-buffer-5.1.2.tgz",
      "integrity": "sha512-Gd2UZBJDkXlY7GbJxfsE8/nvKkUEU1G38c1siN6QP6a9PT9MmHB8GnpscSmMJSoF8LOIrt8ud/wPtojys4G6+g==",
      "license": "MIT"
    },
    "node_modules/lazystream/node_modules/string_decoder": {
      "version": "1.1.1",
      "resolved": "https://registry.npmjs.org/string_decoder/-/string_decoder-1.1.1.tgz",
      "integrity": "sha512-n/ShnvDi6FHbbVfviro+WojiFzv+s8MPMHBczVePfUpDJLwoLT0ht1l4YwBCbi8pJAveEEdnkHyPyTP/mzRfwg==",
      "license": "MIT",
      "dependencies": {
        "safe-buffer": "~5.1.0"
      }
    },
    "node_modules/lodash": {
      "version": "4.17.21",
      "resolved": "https://registry.npmjs.org/lodash/-/lodash-4.17.21.tgz",
      "integrity": "sha512-v2kDEe57lecTulaDIuNTPy3Ry4gLGJ6Z1O3vE1krgXZNrsQ+LFTGHVxVjcXPs17LhbZVGedAJv8XZ1tvj5FvSg==",
      "license": "MIT"
    },
    "node_modules/lru-cache": {
      "version": "10.4.3",
      "resolved": "https://registry.npmjs.org/lru-cache/-/lru-cache-10.4.3.tgz",
      "integrity": "sha512-JNAzZcXrCt42VGLuYz0zfAzDfAvJWW6AfYlDBQyDV5DClI2m5sAmK+OIO7s59XfsRsWHp02jAJrRadPRGTt6SQ==",
      "license": "ISC"
    },
    "node_modules/make-error": {
      "version": "1.3.6",
      "resolved": "https://registry.npmjs.org/make-error/-/make-error-1.3.6.tgz",
      "integrity": "sha512-s8UhlNe7vPKomQhC1qFelMokr/Sc3AgNbso3n74mVPA5LTZwkB9NlXf4XPamLxJE8h0gh73rM94xvwRT2CVInw==",
      "dev": true,
      "license": "ISC"
    },
    "node_modules/minimatch": {
      "version": "9.0.5",
      "resolved": "https://registry.npmjs.org/minimatch/-/minimatch-9.0.5.tgz",
      "integrity": "sha512-G6T0ZX48xgozx7587koeX9Ys2NYy6Gmv//P89sEte9V9whIapMNF4idKxnW2QtCcLiTWlb/wfCabAtAFWhhBow==",
      "license": "ISC",
      "dependencies": {
        "brace-expansion": "^2.0.1"
      },
      "engines": {
        "node": ">=16 || 14 >=14.17"
      },
      "funding": {
        "url": "https://github.com/sponsors/isaacs"
      }
    },
    "node_modules/minipass": {
      "version": "7.1.2",
      "resolved": "https://registry.npmjs.org/minipass/-/minipass-7.1.2.tgz",
      "integrity": "sha512-qOOzS1cBTWYF4BH8fVePDBOO9iptMnGUEZwNc/cMWnTV2nVLZ7VoNWEPHkYczZA0pdoA7dl6e7FL659nX9S2aw==",
      "license": "ISC",
      "engines": {
        "node": ">=16 || 14 >=14.17"
      }
    },
    "node_modules/normalize-path": {
      "version": "3.0.0",
      "resolved": "https://registry.npmjs.org/normalize-path/-/normalize-path-3.0.0.tgz",
      "integrity": "sha512-6eZs5Ls3WtCisHWp9S2GUy8dqkpGi4BVSz3GaqiE6ezub0512ESztXUwUB6C6IKbQkY2Pnb/mD4WYojCRwcwLA==",
      "license": "MIT",
      "engines": {
        "node": ">=0.10.0"
      }
    },
    "node_modules/package-json-from-dist": {
      "version": "1.0.1",
      "resolved": "https://registry.npmjs.org/package-json-from-dist/-/package-json-from-dist-1.0.1.tgz",
      "integrity": "sha512-UEZIS3/by4OC8vL3P2dTXRETpebLI2NiI5vIrjaD/5UtrkFX/tNbwjTSRAGC/+7CAo2pIcBaRgWmcBBHcsaCIw==",
      "license": "BlueOak-1.0.0"
    },
    "node_modules/path-key": {
      "version": "3.1.1",
      "resolved": "https://registry.npmjs.org/path-key/-/path-key-3.1.1.tgz",
      "integrity": "sha512-ojmeN0qd+y0jszEtoY48r0Peq5dwMEkIlCOu6Q5f41lfkswXuKtYrhgoTpLnyIcHm24Uhqx+5Tqm2InSwLhE6Q==",
      "license": "MIT",
      "engines": {
        "node": ">=8"
      }
    },
    "node_modules/path-scurry": {
      "version": "1.11.1",
      "resolved": "https://registry.npmjs.org/path-scurry/-/path-scurry-1.11.1.tgz",
      "integrity": "sha512-Xa4Nw17FS9ApQFJ9umLiJS4orGjm7ZzwUrwamcGQuHSzDyth9boKDaycYdDcZDuqYATXw4HFXgaqWTctW/v1HA==",
      "license": "BlueOak-1.0.0",
      "dependencies": {
        "lru-cache": "^10.2.0",
        "minipass": "^5.0.0 || ^6.0.2 || ^7.0.0"
      },
      "engines": {
        "node": ">=16 || 14 >=14.18"
      },
      "funding": {
        "url": "https://github.com/sponsors/isaacs"
      }
    },
    "node_modules/process": {
      "version": "0.11.10",
      "resolved": "https://registry.npmjs.org/process/-/process-0.11.10.tgz",
      "integrity": "sha512-cdGef/drWFoydD1JsMzuFf8100nZl+GT+yacc2bEced5f9Rjk4z+WtFUTBu9PhOi9j/jfmBPu0mMEY4wIdAF8A==",
      "license": "MIT",
      "engines": {
        "node": ">= 0.6.0"
      }
    },
    "node_modules/process-nextick-args": {
      "version": "2.0.1",
      "resolved": "https://registry.npmjs.org/process-nextick-args/-/process-nextick-args-2.0.1.tgz",
      "integrity": "sha512-3ouUOpQhtgrbOa17J7+uxOTpITYWaGP7/AhoR3+A+/1e9skrzelGi/dXzEYyvbxubEF6Wn2ypscTKiKJFFn1ag==",
      "license": "MIT"
    },
    "node_modules/readable-stream": {
      "version": "4.7.0",
      "resolved": "https://registry.npmjs.org/readable-stream/-/readable-stream-4.7.0.tgz",
      "integrity": "sha512-oIGGmcpTLwPga8Bn6/Z75SVaH1z5dUut2ibSyAMVhmUggWpmDn2dapB0n7f8nwaSiRtepAsfJyfXIO5DCVAODg==",
      "license": "MIT",
      "dependencies": {
        "abort-controller": "^3.0.0",
        "buffer": "^6.0.3",
        "events": "^3.3.0",
        "process": "^0.11.10",
        "string_decoder": "^1.3.0"
      },
      "engines": {
        "node": "^12.22.0 || ^14.17.0 || >=16.0.0"
      }
    },
    "node_modules/readdir-glob": {
      "version": "1.1.3",
      "resolved": "https://registry.npmjs.org/readdir-glob/-/readdir-glob-1.1.3.tgz",
      "integrity": "sha512-v05I2k7xN8zXvPD9N+z/uhXPaj0sUFCe2rcWZIpBsqxfP7xXFQ0tipAd/wjj1YxWyWtUS5IDJpOG82JKt2EAVA==",
      "license": "Apache-2.0",
      "dependencies": {
        "minimatch": "^5.1.0"
      }
    },
    "node_modules/readdir-glob/node_modules/minimatch": {
      "version": "5.1.6",
      "resolved": "https://registry.npmjs.org/minimatch/-/minimatch-5.1.6.tgz",
      "integrity": "sha512-lKwV/1brpG6mBUFHtb7NUmtABCb2WZZmm2wNiOA5hAb8VdCS4B3dtMWyvcoViccwAW/COERjXLt0zP1zXUN26g==",
      "license": "ISC",
      "dependencies": {
        "brace-expansion": "^2.0.1"
      },
      "engines": {
        "node": ">=10"
      }
    },
    "node_modules/safe-buffer": {
      "version": "5.2.1",
      "resolved": "https://registry.npmjs.org/safe-buffer/-/safe-buffer-5.2.1.tgz",
      "integrity": "sha512-rp3So07KcdmmKbGvgaNxQSJr7bGVSVk5S9Eq1F+ppbRo70+YeaDxkw5Dd8NPN+GD6bjnYm2VuPuCXmpuYvmCXQ==",
      "funding": [
        {
          "type": "github",
          "url": "https://github.com/sponsors/feross"
        },
        {
          "type": "patreon",
          "url": "https://www.patreon.com/feross"
        },
        {
          "type": "consulting",
          "url": "https://feross.org/support"
        }
      ],
      "license": "MIT"
    },
    "node_modules/shebang-command": {
      "version": "2.0.0",
      "resolved": "https://registry.npmjs.org/shebang-command/-/shebang-command-2.0.0.tgz",
      "integrity": "sha512-kHxr2zZpYtdmrN1qDjrrX/Z1rR1kG8Dx+gkpK1G4eXmvXswmcE1hTWBWYUzlraYw1/yZp6YuDY77YtvbN0dmDA==",
      "license": "MIT",
      "dependencies": {
        "shebang-regex": "^3.0.0"
      },
      "engines": {
        "node": ">=8"
      }
    },
    "node_modules/shebang-regex": {
      "version": "3.0.0",
      "resolved": "https://registry.npmjs.org/shebang-regex/-/shebang-regex-3.0.0.tgz",
      "integrity": "sha512-7++dFhtcx3353uBaq8DDR4NuxBetBzC7ZQOhmTQInHEd6bSrXdiEyzCvG07Z44UYdLShWUyXt5M/yhz8ekcb1A==",
      "license": "MIT",
      "engines": {
        "node": ">=8"
      }
    },
    "node_modules/signal-exit": {
      "version": "4.1.0",
      "resolved": "https://registry.npmjs.org/signal-exit/-/signal-exit-4.1.0.tgz",
      "integrity": "sha512-bzyZ1e88w9O1iNJbKnOlvYTrWPDl46O1bG0D3XInv+9tkPrxrN8jUUTiFlDkkmKWgn1M6CfIA13SuGqOa9Korw==",
      "license": "ISC",
      "engines": {
        "node": ">=14"
      },
      "funding": {
        "url": "https://github.com/sponsors/isaacs"
      }
    },
    "node_modules/streamx": {
      "version": "2.23.0",
      "resolved": "https://registry.npmjs.org/streamx/-/streamx-2.23.0.tgz",
      "integrity": "sha512-kn+e44esVfn2Fa/O0CPFcex27fjIL6MkVae0Mm6q+E6f0hWv578YCERbv+4m02cjxvDsPKLnmxral/rR6lBMAg==",
      "license": "MIT",
      "dependencies": {
        "events-universal": "^1.0.0",
        "fast-fifo": "^1.3.2",
        "text-decoder": "^1.1.0"
      }
    },
    "node_modules/string_decoder": {
      "version": "1.3.0",
      "resolved": "https://registry.npmjs.org/string_decoder/-/string_decoder-1.3.0.tgz",
      "integrity": "sha512-hkRX8U1WjJFd8LsDJ2yQ/wWWxaopEsABU1XfkM8A+j0+85JAGppt16cr1Whg6KIbb4okU6Mql6BOj+uup/wKeA==",
      "license": "MIT",
      "dependencies": {
        "safe-buffer": "~5.2.0"
      }
    },
    "node_modules/string-width": {
      "version": "5.1.2",
      "resolved": "https://registry.npmjs.org/string-width/-/string-width-5.1.2.tgz",
      "integrity": "sha512-HnLOCR3vjcY8beoNLtcjZ5/nxn2afmME6lhrDrebokqMap+XbeW8n9TXpPDOqdGK5qcI3oT0GKTW6wC7EMiVqA==",
      "license": "MIT",
      "dependencies": {
        "eastasianwidth": "^0.2.0",
        "emoji-regex": "^9.2.2",
        "strip-ansi": "^7.0.1"
      },
      "engines": {
        "node": ">=12"
      },
      "funding": {
        "url": "https://github.com/sponsors/sindresorhus"
      }
    },
    "node_modules/string-width-cjs": {
      "name": "string-width",
      "version": "4.2.3",
      "resolved": "https://registry.npmjs.org/string-width/-/string-width-4.2.3.tgz",
      "integrity": "sha512-wKyQRQpjJ0sIp62ErSZdGsjMJWsap5oRNihHhu6G7JVO/9jIB6UyevL+tXuOqrng8j/cxKTWyWUwvSTriiZz/g==",
      "license": "MIT",
      "dependencies": {
        "emoji-regex": "^8.0.0",
        "is-fullwidth-code-point": "^3.0.0",
        "strip-ansi": "^6.0.1"
      },
      "engines": {
        "node": ">=8"
      }
    },
    "node_modules/string-width-cjs/node_modules/ansi-regex": {
      "version": "5.0.1",
      "resolved": "https://registry.npmjs.org/ansi-regex/-/ansi-regex-5.0.1.tgz",
      "integrity": "sha512-quJQXlTSUGL2LH9SUXo8VwsY4soanhgo6LNSm84E1LBcE8s3O0wpdiRzyR9z/ZZJMlMWv37qOOb9pdJlMUEKFQ==",
      "license": "MIT",
      "engines": {
        "node": ">=8"
      }
    },
    "node_modules/string-width-cjs/node_modules/emoji-regex": {
      "version": "8.0.0",
      "resolved": "https://registry.npmjs.org/emoji-regex/-/emoji-regex-8.0.0.tgz",
      "integrity": "sha512-MSjYzcWNOA0ewAHpz0MxpYFvwg6yjy1NG3xteoqz644VCo/RPgnr1/GGt+ic3iJTzQ8Eu3TdM14SawnVUmGE6A==",
      "license": "MIT"
    },
    "node_modules/string-width-cjs/node_modules/strip-ansi": {
      "version": "6.0.1",
      "resolved": "https://registry.npmjs.org/strip-ansi/-/strip-ansi-6.0.1.tgz",
      "integrity": "sha512-Y38VPSHcqkFrCpFnQ9vuSXmquuv5oXOKpGeT6aGrr3o3Gc9AlVa6JBfUSOCnbxGGZF+/0ooI7KrPuUSztUdU5A==",
      "license": "MIT",
      "dependencies": {
        "ansi-regex": "^5.0.1"
      },
      "engines": {
        "node": ">=8"
      }
    },
    "node_modules/strip-ansi": {
      "version": "7.1.2",
      "resolved": "https://registry.npmjs.org/strip-ansi/-/strip-ansi-7.1.2.tgz",
      "integrity": "sha512-gmBGslpoQJtgnMAvOVqGZpEz9dyoKTCzy2nfz/n8aIFhN/jCE/rCmcxabB6jOOHV+0WNnylOxaxBQPSvcWklhA==",
      "license": "MIT",
      "dependencies": {
        "ansi-regex": "^6.0.1"
      },
      "engines": {
        "node": ">=12"
      },
      "funding": {
        "url": "https://github.com/chalk/strip-ansi?sponsor=1"
      }
    },
    "node_modules/strip-ansi-cjs": {
      "name": "strip-ansi",
      "version": "6.0.1",
      "resolved": "https://registry.npmjs.org/strip-ansi/-/strip-ansi-6.0.1.tgz",
      "integrity": "sha512-Y38VPSHcqkFrCpFnQ9vuSXmquuv5oXOKpGeT6aGrr3o3Gc9AlVa6JBfUSOCnbxGGZF+/0ooI7KrPuUSztUdU5A==",
      "license": "MIT",
      "dependencies": {
        "ansi-regex": "^5.0.1"
      },
      "engines": {
        "node": ">=8"
      }
    },
    "node_modules/strip-ansi-cjs/node_modules/ansi-regex": {
      "version": "5.0.1",
      "resolved": "https://registry.npmjs.org/ansi-regex/-/ansi-regex-5.0.1.tgz",
      "integrity": "sha512-quJQXlTSUGL2LH9SUXo8VwsY4soanhgo6LNSm84E1LBcE8s3O0wpdiRzyR9z/ZZJMlMWv37qOOb9pdJlMUEKFQ==",
      "license": "MIT",
      "engines": {
        "node": ">=8"
      }
    },
    "node_modules/tar-stream": {
      "version": "3.1.7",
      "resolved": "https://registry.npmjs.org/tar-stream/-/tar-stream-3.1.7.tgz",
      "integrity": "sha512-qJj60CXt7IU1Ffyc3NJMjh6EkuCFej46zUqJ4J7pqYlThyd9bO0XBTmcOIhSzZJVWfsLks0+nle/j538YAW9RQ==",
      "license": "MIT",
      "dependencies": {
        "b4a": "^1.6.4",
        "fast-fifo": "^1.2.0",
        "streamx": "^2.15.0"
      }
    },
    "node_modules/text-decoder": {
      "version": "1.2.3",
      "resolved": "https://registry.npmjs.org/text-decoder/-/text-decoder-1.2.3.tgz",
      "integrity": "sha512-3/o9z3X0X0fTupwsYvR03pJ/DjWuqqrfwBgTQzdWDiQSm9KitAyz/9WqsT2JQW7KV2m+bC2ol/zqpW37NHxLaA==",
      "license": "Apache-2.0",
      "dependencies": {
        "b4a": "^1.6.4"
      }
    },
    "node_modules/ts-node": {
      "version": "10.9.2",
      "resolved": "https://registry.npmjs.org/ts-node/-/ts-node-10.9.2.tgz",
      "integrity": "sha512-f0FFpIdcHgn8zcPSbf1dRevwt047YMnaiJM3u2w2RewrB+fob/zePZcrOyQoLMMO7aBIddLcQIEK5dYjkLnGrQ==",
      "dev": true,
      "license": "MIT",
      "dependencies": {
        "@cspotcode/source-map-support": "^0.8.0",
        "@tsconfig/node10": "^1.0.7",
        "@tsconfig/node12": "^1.0.7",
        "@tsconfig/node14": "^1.0.0",
        "@tsconfig/node16": "^1.0.2",
        "acorn": "^8.4.1",
        "acorn-walk": "^8.1.1",
        "arg": "^4.1.0",
        "create-require": "^1.1.0",
        "diff": "^4.0.1",
        "make-error": "^1.1.1",
        "v8-compile-cache-lib": "^3.0.1",
        "yn": "3.1.1"
      },
      "bin": {
        "ts-node": "dist/bin.js",
        "ts-node-cwd": "dist/bin-cwd.js",
        "ts-node-esm": "dist/bin-esm.js",
        "ts-node-script": "dist/bin-script.js",
        "ts-node-transpile-only": "dist/bin-transpile.js",
        "ts-script": "dist/bin-script-deprecated.js"
      },
      "peerDependencies": {
        "@swc/core": ">=1.2.50",
        "@swc/wasm": ">=1.2.50",
        "@types/node": "*",
        "typescript": ">=2.7"
      },
      "peerDependenciesMeta": {
        "@swc/core": {
          "optional": true
        },
        "@swc/wasm": {
          "optional": true
        }
      }
    },
    "node_modules/typescript": {
      "version": "5.9.3",
      "resolved": "https://registry.npmjs.org/typescript/-/typescript-5.9.3.tgz",
      "integrity": "sha512-jl1vZzPDinLr9eUt3J/t7V6FgNEw9QjvBPdysz9KfQDD41fQrC2Y4vKQdiaUpFT4bXlb1RHhLpp8wtm6M5TgSw==",
      "dev": true,
      "license": "Apache-2.0",
      "peer": true,
      "bin": {
        "tsc": "bin/tsc",
        "tsserver": "bin/tsserver"
      },
      "engines": {
        "node": ">=14.17"
      }
    },
    "node_modules/undici-types": {
      "version": "7.16.0",
      "resolved": "https://registry.npmjs.org/undici-types/-/undici-types-7.16.0.tgz",
      "integrity": "sha512-Zz+aZWSj8LE6zoxD+xrjh4VfkIG8Ya6LvYkZqtUQGJPZjYl53ypCaUwWqo7eI0x66KBGeRo+mlBEkMSeSZ38Nw==",
      "dev": true,
      "license": "MIT"
    },
    "node_modules/util-deprecate": {
      "version": "1.0.2",
      "resolved": "https://registry.npmjs.org/util-deprecate/-/util-deprecate-1.0.2.tgz",
      "integrity": "sha512-EPD5q1uXyFxJpCrLnCc1nHnq3gOa6DZBocAIiI2TaSCA7VCJ1UJDMagCzIkXNsUYfD1daK//LTEQ8xiIbrHtcw==",
      "license": "MIT"
    },
    "node_modules/v8-compile-cache-lib": {
      "version": "3.0.1",
      "resolved": "https://registry.npmjs.org/v8-compile-cache-lib/-/v8-compile-cache-lib-3.0.1.tgz",
      "integrity": "sha512-wa7YjyUGfNZngI/vtK0UHAN+lgDCxBPCylVXGp0zu59Fz5aiGtNXaq3DhIov063MorB+VfufLh3JlF2KdTK3xg==",
      "dev": true,
      "license": "MIT"
    },
    "node_modules/which": {
      "version": "2.0.2",
      "resolved": "https://registry.npmjs.org/which/-/which-2.0.2.tgz",
      "integrity": "sha512-BLI3Tl1TW3Pvl70l3yq3Y64i+awpwXqsGBYWkkqMtnbXgrMD+yj7rhW0kuEDxzJaYXGjEW5ogapKNMEKNMjibA==",
      "license": "ISC",
      "dependencies": {
        "isexe": "^2.0.0"
      },
      "bin": {
        "node-which": "bin/node-which"
      },
      "engines": {
        "node": ">= 8"
      }
    },
    "node_modules/wrap-ansi": {
      "version": "8.1.0",
      "resolved": "https://registry.npmjs.org/wrap-ansi/-/wrap-ansi-8.1.0.tgz",
      "integrity": "sha512-si7QWI6zUMq56bESFvagtmzMdGOtoxfR+Sez11Mobfc7tm+VkUckk9bW2UeffTGVUbOksxmSw0AA2gs8g71NCQ==",
      "license": "MIT",
      "dependencies": {
        "ansi-styles": "^6.1.0",
        "string-width": "^5.0.1",
        "strip-ansi": "^7.0.1"
      },
      "engines": {
        "node": ">=12"
      },
      "funding": {
        "url": "https://github.com/chalk/wrap-ansi?sponsor=1"
      }
    },
    "node_modules/wrap-ansi-cjs": {
      "name": "wrap-ansi",
      "version": "7.0.0",
      "resolved": "https://registry.npmjs.org/wrap-ansi/-/wrap-ansi-7.0.0.tgz",
      "integrity": "sha512-YVGIj2kamLSTxw6NsZjoBxfSwsn0ycdesmc4p+Q21c5zPuZ1pl+NfxVdxPtdHvmNVOQ6XSYG4AUtyt/Fi7D16Q==",
      "license": "MIT",
      "dependencies": {
        "ansi-styles": "^4.0.0",
        "string-width": "^4.1.0",
        "strip-ansi": "^6.0.0"
      },
      "engines": {
        "node": ">=10"
      },
      "funding": {
        "url": "https://github.com/chalk/wrap-ansi?sponsor=1"
      }
    },
    "node_modules/wrap-ansi-cjs/node_modules/ansi-regex": {
      "version": "5.0.1",
      "resolved": "https://registry.npmjs.org/ansi-regex/-/ansi-regex-5.0.1.tgz",
      "integrity": "sha512-quJQXlTSUGL2LH9SUXo8VwsY4soanhgo6LNSm84E1LBcE8s3O0wpdiRzyR9z/ZZJMlMWv37qOOb9pdJlMUEKFQ==",
      "license": "MIT",
      "engines": {
        "node": ">=8"
      }
    },
    "node_modules/wrap-ansi-cjs/node_modules/ansi-styles": {
      "version": "4.3.0",
      "resolved": "https://registry.npmjs.org/ansi-styles/-/ansi-styles-4.3.0.tgz",
      "integrity": "sha512-zbB9rCJAT1rbjiVDb2hqKFHNYLxgtk8NURxZ3IZwD3F6NtxbXZQCnnSi1Lkx+IDohdPlFp222wVALIheZJQSEg==",
      "license": "MIT",
      "dependencies": {
        "color-convert": "^2.0.1"
      },
      "engines": {
        "node": ">=8"
      },
      "funding": {
        "url": "https://github.com/chalk/ansi-styles?sponsor=1"
      }
    },
    "node_modules/wrap-ansi-cjs/node_modules/emoji-regex": {
      "version": "8.0.0",
      "resolved": "https://registry.npmjs.org/emoji-regex/-/emoji-regex-8.0.0.tgz",
      "integrity": "sha512-MSjYzcWNOA0ewAHpz0MxpYFvwg6yjy1NG3xteoqz644VCo/RPgnr1/GGt+ic3iJTzQ8Eu3TdM14SawnVUmGE6A==",
      "license": "MIT"
    },
    "node_modules/wrap-ansi-cjs/node_modules/string-width": {
      "version": "4.2.3",
      "resolved": "https://registry.npmjs.org/string-width/-/string-width-4.2.3.tgz",
      "integrity": "sha512-wKyQRQpjJ0sIp62ErSZdGsjMJWsap5oRNihHhu6G7JVO/9jIB6UyevL+tXuOqrng8j/cxKTWyWUwvSTriiZz/g==",
      "license": "MIT",
      "dependencies": {
        "emoji-regex": "^8.0.0",
        "is-fullwidth-code-point": "^3.0.0",
        "strip-ansi": "^6.0.1"
      },
      "engines": {
        "node": ">=8"
      }
    },
    "node_modules/wrap-ansi-cjs/node_modules/strip-ansi": {
      "version": "6.0.1",
      "resolved": "https://registry.npmjs.org/strip-ansi/-/strip-ansi-6.0.1.tgz",
      "integrity": "sha512-Y38VPSHcqkFrCpFnQ9vuSXmquuv5oXOKpGeT6aGrr3o3Gc9AlVa6JBfUSOCnbxGGZF+/0ooI7KrPuUSztUdU5A==",
      "license": "MIT",
      "dependencies": {
        "ansi-regex": "^5.0.1"
      },
      "engines": {
        "node": ">=8"
      }
    },
    "node_modules/yn": {
      "version": "3.1.1",
      "resolved": "https://registry.npmjs.org/yn/-/yn-3.1.1.tgz",
      "integrity": "sha512-Ux4ygGWsu2c7isFWe8Yu1YluJmqVhxqK2cLXNQA5AcC3QfbGNpM7fu0Y8b/z16pXLnFxZYvWhd3fhBY9DLmC6Q==",
      "dev": true,
      "license": "MIT",
      "engines": {
        "node": ">=6"
      }
    },
    "node_modules/zip-stream": {
      "version": "6.0.1",
      "resolved": "https://registry.npmjs.org/zip-stream/-/zip-stream-6.0.1.tgz",
      "integrity": "sha512-zK7YHHz4ZXpW89AHXUPbQVGKI7uvkd3hzusTdotCg1UxyaVtg0zFJSTfW/Dq5f7OBBVnq6cZIaC8Ti4hb6dtCA==",
      "license": "MIT",
      "dependencies": {
        "archiver-utils": "^5.0.0",
        "compress-commons": "^6.0.2",
        "readable-stream": "^4.0.0"
      },
      "engines": {
        "node": ">= 14"
      }
    }
  }
}
