{
  "name": "christina-mini",
  "version": "0.2.0",
  "private": true,
  "scripts": {
    "start:server": "node server/index.js",
    "start": "node server/index.js",
    "test": "node --version"
  },
  "dependencies": {
    "archiver": "^5.3.1",
    "express": "^4.18.2",
    "multer": "^1.4.5-lts.1",
    "unzipper": "^0.10.11",
    "bcrypt": "^5.1.0",
    "jsonwebtoken": "^9.0.0",
    "mime-types": "^2.1.35",
    "aws-sdk": "^2.1378.0",
    "node-fetch": "^2.6.7",
    "form-data": "^4.0.0",
    "axios": "^1.4.0",
    "crypto-js": "^4.1.1",
    "basic-ftp": "^4.6.1"
  },
  "engines": {
    "node": ">=14"
  }
}
