{
  "name": "xtina-server",
  "private": true,
  "type": "module",
  "scripts": {
    "dev": "tsx server/index.ts",
    "start": "node --enable-source-maps dist/index.js",
    "build": "tsup server/index.ts --format esm,cjs --dts --out-dir dist"
  },
  "dependencies": {
    "archiver": "^6.0.2",
    "express": "^4.19.2",
    "multer": "^1.4.5-lts.1",
    "rimraf": "^5.0.5",
    "tslib": "^2.6.3",
    "unzipper": "^0.11.4"
  },
  "devDependencies": {
    "tsup": "^8.3.0",
    "tsx": "^4.19.2",
    "typescript": "^5.4.5"
  }
}
