<?xml version="1.0" encoding="UTF-8"?>
<office:document-meta xmlns:grddl="http://www.w3.org/2003/g/data-view#" xmlns:meta="urn:oasis:names:tc:opendocument:xmlns:meta:1.0" xmlns:dc="http://purl.org/dc/elements/1.1/" xmlns:xlink="http://www.w3.org/1999/xlink" xmlns:ooo="http://openoffice.org/2004/office" xmlns:office="urn:oasis:names:tc:opendocument:xmlns:office:1.0" office:version="1.4"><office:meta><meta:creation-date>2025-10-16T10:45:12.876084740</meta:creation-date><dc:date>2025-10-16T10:45:57.661866953</dc:date><meta:editing-duration>PT45S</meta:editing-duration><meta:editing-cycles>1</meta:editing-cycles><meta:document-statistic meta:table-count="0" meta:image-count="9" meta:object-count="0" meta:page-count="20" meta:paragraph-count="171" meta:word-count="2654" meta:character-count="17717" meta:non-whitespace-character-count="15212"/><meta:generator>LibreOffice/25.2.6.2$Linux_X86_64 LibreOffice_project/520$Build-2</meta:generator></office:meta></office:document-meta>