<?xml version="1.0" encoding="UTF-8"?>
<office:document-styles xmlns:css3t="http://www.w3.org/TR/css3-text/" xmlns:grddl="http://www.w3.org/2003/g/data-view#" xmlns:xhtml="http://www.w3.org/1999/xhtml" xmlns:dom="http://www.w3.org/2001/xml-events" xmlns:script="urn:oasis:names:tc:opendocument:xmlns:script:1.0" xmlns:form="urn:oasis:names:tc:opendocument:xmlns:form:1.0" xmlns:math="http://www.w3.org/1998/Math/MathML" xmlns:office="urn:oasis:names:tc:opendocument:xmlns:office:1.0" xmlns:ooo="http://openoffice.org/2004/office" xmlns:fo="urn:oasis:names:tc:opendocument:xmlns:xsl-fo-compatible:1.0" xmlns:ooow="http://openoffice.org/2004/writer" xmlns:xlink="http://www.w3.org/1999/xlink" xmlns:drawooo="http://openoffice.org/2010/draw" xmlns:oooc="http://openoffice.org/2004/calc" xmlns:dc="http://purl.org/dc/elements/1.1/" xmlns:calcext="urn:org:documentfoundation:names:experimental:calc:xmlns:calcext:1.0" xmlns:style="urn:oasis:names:tc:opendocument:xmlns:style:1.0" xmlns:text="urn:oasis:names:tc:opendocument:xmlns:text:1.0" xmlns:of="urn:oasis:names:tc:opendocument:xmlns:of:1.2" xmlns:tableooo="http://openoffice.org/2009/table" xmlns:draw="urn:oasis:names:tc:opendocument:xmlns:drawing:1.0" xmlns:dr3d="urn:oasis:names:tc:opendocument:xmlns:dr3d:1.0" xmlns:rpt="http://openoffice.org/2005/report" xmlns:svg="urn:oasis:names:tc:opendocument:xmlns:svg-compatible:1.0" xmlns:chart="urn:oasis:names:tc:opendocument:xmlns:chart:1.0" xmlns:officeooo="http://openoffice.org/2009/office" xmlns:table="urn:oasis:names:tc:opendocument:xmlns:table:1.0" xmlns:meta="urn:oasis:names:tc:opendocument:xmlns:meta:1.0" xmlns:loext="urn:org:documentfoundation:names:experimental:office:xmlns:loext:1.0" xmlns:number="urn:oasis:names:tc:opendocument:xmlns:datastyle:1.0" xmlns:field="urn:openoffice:names:experimental:ooo-ms-interop:xmlns:field:1.0" office:version="1.4"><office:font-face-decls><style:font-face style:name="Liberation Mono" svg:font-family="&apos;Liberation Mono&apos;" style:font-family-generic="modern" style:font-pitch="fixed"/><style:font-face style:name="Liberation Sans" svg:font-family="&apos;Liberation Sans&apos;" style:font-family-generic="swiss" style:font-pitch="variable"/><style:font-face style:name="Liberation Serif" svg:font-family="&apos;Liberation Serif&apos;" style:font-family-generic="roman" style:font-pitch="variable"/><style:font-face style:name="Neuton" svg:font-family="Neuton, serif"/><style:font-face style:name="Noto Sans CJK SC" svg:font-family="&apos;Noto Sans CJK SC&apos;" style:font-family-generic="system" style:font-pitch="variable"/><style:font-face style:name="Noto Sans Devanagari" svg:font-family="&apos;Noto Sans Devanagari&apos;" style:font-family-generic="swiss"/><style:font-face style:name="Noto Sans Devanagari1" svg:font-family="&apos;Noto Sans Devanagari&apos;" style:font-family-generic="system" style:font-pitch="variable"/><style:font-face style:name="Noto Sans Mono CJK SC" svg:font-family="&apos;Noto Sans Mono CJK SC&apos;" style:font-family-generic="modern" style:font-pitch="fixed"/><style:font-face style:name="Noto Serif CJK SC" svg:font-family="&apos;Noto Serif CJK SC&apos;" style:font-family-generic="system" style:font-pitch="variable"/><style:font-face style:name="Open Sans" svg:font-family="&apos;Open Sans&apos;, sans-serif"/><style:font-face style:name="OpenSymbol" svg:font-family="OpenSymbol" style:font-charset="x-symbol"/><style:font-face style:name="Proxima Nova" svg:font-family="&apos;Proxima Nova&apos;, sans-serif"/></office:font-face-decls><office:styles><style:default-style style:family="graphic"><style:graphic-properties svg:stroke-color="#3465a4" draw:fill-color="#729fcf" fo:wrap-option="no-wrap" draw:shadow-offset-x="0.1181in" draw:shadow-offset-y="0.1181in" draw:start-line-spacing-horizontal="0.1114in" draw:start-line-spacing-vertical="0.1114in" draw:end-line-spacing-horizontal="0.1114in" draw:end-line-spacing-vertical="0.1114in" style:flow-with-text="false"/><style:paragraph-properties style:text-autospace="ideograph-alpha" style:line-break="strict" loext:tab-stop-distance="0in" style:writing-mode="lr-tb" style:font-independent-line-spacing="false"><style:tab-stops/></style:paragraph-properties><style:text-properties style:use-window-font-color="true" loext:opacity="0%" style:font-name="Liberation Serif" fo:font-size="12pt" fo:language="en" fo:country="US" style:letter-kerning="true" style:font-name-asian="Noto Serif CJK SC" style:font-size-asian="10.5pt" style:language-asian="zh" style:country-asian="CN" style:font-name-complex="Noto Sans Devanagari1" style:font-size-complex="12pt" style:language-complex="hi" style:country-complex="IN"/></style:default-style><style:default-style style:family="paragraph"><style:paragraph-properties fo:orphans="2" fo:widows="2" fo:hyphenation-ladder-count="no-limit" fo:hyphenation-keep="auto" loext:hyphenation-keep-type="column" style:text-autospace="ideograph-alpha" style:punctuation-wrap="hanging" style:line-break="strict" style:tab-stop-distance="0.4925in" style:writing-mode="page"/><style:text-properties style:use-window-font-color="true" loext:opacity="0%" style:font-name="Liberation Serif" fo:font-size="12pt" fo:language="en" fo:country="US" style:letter-kerning="true" style:font-name-asian="Noto Serif CJK SC" style:font-size-asian="10.5pt" style:language-asian="zh" style:country-asian="CN" style:font-name-complex="Noto Sans Devanagari1" style:font-size-complex="12pt" style:language-complex="hi" style:country-complex="IN" fo:hyphenate="false" fo:hyphenation-remain-char-count="2" fo:hyphenation-push-char-count="2" loext:hyphenation-no-caps="false" loext:hyphenation-no-last-word="false" loext:hyphenation-word-char-count="5" loext:hyphenation-zone="no-limit"/></style:default-style><style:default-style style:family="table"><style:table-properties table:border-model="collapsing"/></style:default-style><style:default-style style:family="table-row"><style:table-row-properties fo:keep-together="auto"/></style:default-style><style:style style:name="Standard" style:family="paragraph" style:class="text"/><style:style style:name="Heading" style:family="paragraph" style:parent-style-name="Standard" style:next-style-name="Text_20_body" style:class="chapter"><style:paragraph-properties fo:margin-top="0.1665in" fo:margin-bottom="0.0835in" style:contextual-spacing="false" fo:keep-with-next="always"/><style:text-properties style:font-name="Liberation Sans" fo:font-family="&apos;Liberation Sans&apos;" style:font-family-generic="swiss" style:font-pitch="variable" fo:font-size="14pt" style:font-name-asian="Noto Sans CJK SC" style:font-family-asian="&apos;Noto Sans CJK SC&apos;" style:font-family-generic-asian="system" style:font-pitch-asian="variable" style:font-size-asian="14pt" style:font-name-complex="Noto Sans Devanagari1" style:font-family-complex="&apos;Noto Sans Devanagari&apos;" style:font-family-generic-complex="system" style:font-pitch-complex="variable" style:font-size-complex="14pt"/></style:style><style:style style:name="Text_20_body" style:display-name="Text body" style:family="paragraph" style:parent-style-name="Standard" style:class="text"><style:paragraph-properties fo:margin-top="0in" fo:margin-bottom="0.0972in" style:contextual-spacing="false" fo:line-height="115%"/></style:style><style:style style:name="List" style:family="paragraph" style:parent-style-name="Text_20_body" style:class="list"><style:text-properties style:font-size-asian="12pt" style:font-name-complex="Noto Sans Devanagari" style:font-family-complex="&apos;Noto Sans Devanagari&apos;" style:font-family-generic-complex="swiss"/></style:style><style:style style:name="Caption" style:family="paragraph" style:parent-style-name="Standard" style:class="extra"><style:paragraph-properties fo:margin-top="0.0835in" fo:margin-bottom="0.0835in" style:contextual-spacing="false" text:number-lines="false" text:line-number="0"/><style:text-properties fo:font-size="12pt" fo:font-style="italic" style:font-size-asian="12pt" style:font-style-asian="italic" style:font-name-complex="Noto Sans Devanagari" style:font-family-complex="&apos;Noto Sans Devanagari&apos;" style:font-family-generic-complex="swiss" style:font-size-complex="12pt" style:font-style-complex="italic"/></style:style><style:style style:name="Index" style:family="paragraph" style:parent-style-name="Standard" style:class="index"><style:paragraph-properties text:number-lines="false" text:line-number="0"/><style:text-properties style:font-size-asian="12pt" style:font-name-complex="Noto Sans Devanagari" style:font-family-complex="&apos;Noto Sans Devanagari&apos;" style:font-family-generic-complex="swiss"/></style:style><style:style style:name="Heading_20_1" style:display-name="Heading 1" style:family="paragraph" style:parent-style-name="Heading" style:next-style-name="Text_20_body" style:default-outline-level="1" style:list-style-name="" style:class="chapter"><style:paragraph-properties fo:margin-top="0.1665in" fo:margin-bottom="0.0835in" style:contextual-spacing="false"/><style:text-properties style:font-name="Liberation Serif" fo:font-family="&apos;Liberation Serif&apos;" style:font-family-generic="roman" style:font-pitch="variable" fo:font-size="24pt" fo:font-weight="bold" style:font-name-asian="Noto Serif CJK SC" style:font-family-asian="&apos;Noto Serif CJK SC&apos;" style:font-family-generic-asian="system" style:font-pitch-asian="variable" style:font-size-asian="24pt" style:font-weight-asian="bold" style:font-name-complex="Noto Sans Devanagari1" style:font-family-complex="&apos;Noto Sans Devanagari&apos;" style:font-family-generic-complex="system" style:font-pitch-complex="variable" style:font-size-complex="24pt" style:font-weight-complex="bold"/></style:style><style:style style:name="Heading_20_4" style:display-name="Heading 4" style:family="paragraph" style:parent-style-name="Heading" style:next-style-name="Text_20_body" style:default-outline-level="4" style:list-style-name="" style:class="chapter"><style:paragraph-properties fo:margin-top="0.0835in" fo:margin-bottom="0.0835in" style:contextual-spacing="false"/><style:text-properties style:font-name="Liberation Serif" fo:font-family="&apos;Liberation Serif&apos;" style:font-family-generic="roman" style:font-pitch="variable" fo:font-size="12pt" fo:font-weight="bold" style:font-name-asian="Noto Serif CJK SC" style:font-family-asian="&apos;Noto Serif CJK SC&apos;" style:font-family-generic-asian="system" style:font-pitch-asian="variable" style:font-size-asian="12pt" style:font-weight-asian="bold" style:font-name-complex="Noto Sans Devanagari1" style:font-family-complex="&apos;Noto Sans Devanagari&apos;" style:font-family-generic-complex="system" style:font-pitch-complex="variable" style:font-size-complex="12pt" style:font-weight-complex="bold"/></style:style><style:style style:name="Heading_20_2" style:display-name="Heading 2" style:family="paragraph" style:parent-style-name="Heading" style:next-style-name="Text_20_body" style:default-outline-level="2" style:list-style-name="" style:class="chapter"><style:paragraph-properties fo:margin-top="0.139in" fo:margin-bottom="0.0835in" style:contextual-spacing="false"/><style:text-properties style:font-name="Liberation Serif" fo:font-family="&apos;Liberation Serif&apos;" style:font-family-generic="roman" style:font-pitch="variable" fo:font-size="18pt" fo:font-weight="bold" style:font-name-asian="Noto Serif CJK SC" style:font-family-asian="&apos;Noto Serif CJK SC&apos;" style:font-family-generic-asian="system" style:font-pitch-asian="variable" style:font-size-asian="18pt" style:font-weight-asian="bold" style:font-name-complex="Noto Sans Devanagari1" style:font-family-complex="&apos;Noto Sans Devanagari&apos;" style:font-family-generic-complex="system" style:font-pitch-complex="variable" style:font-size-complex="18pt" style:font-weight-complex="bold"/></style:style><style:style style:name="Heading_20_3" style:display-name="Heading 3" style:family="paragraph" style:parent-style-name="Heading" style:next-style-name="Text_20_body" style:default-outline-level="3" style:list-style-name="" style:class="chapter"><style:paragraph-properties fo:margin-top="0.0972in" fo:margin-bottom="0.0835in" style:contextual-spacing="false"/><style:text-properties style:font-name="Liberation Serif" fo:font-family="&apos;Liberation Serif&apos;" style:font-family-generic="roman" style:font-pitch="variable" fo:font-size="14pt" fo:font-weight="bold" style:font-name-asian="Noto Serif CJK SC" style:font-family-asian="&apos;Noto Serif CJK SC&apos;" style:font-family-generic-asian="system" style:font-pitch-asian="variable" style:font-size-asian="14pt" style:font-weight-asian="bold" style:font-name-complex="Noto Sans Devanagari1" style:font-family-complex="&apos;Noto Sans Devanagari&apos;" style:font-family-generic-complex="system" style:font-pitch-complex="variable" style:font-size-complex="14pt" style:font-weight-complex="bold"/></style:style><style:style style:name="Preformatted_20_Text" style:display-name="Preformatted Text" style:family="paragraph" style:parent-style-name="Standard" style:class="html"><style:paragraph-properties fo:margin-top="0in" fo:margin-bottom="0in" style:contextual-spacing="false"/><style:text-properties style:font-name="Liberation Mono" fo:font-family="&apos;Liberation Mono&apos;" style:font-family-generic="modern" style:font-pitch="fixed" fo:font-size="10pt" style:font-name-asian="Noto Sans Mono CJK SC" style:font-family-asian="&apos;Noto Sans Mono CJK SC&apos;" style:font-family-generic-asian="modern" style:font-pitch-asian="fixed" style:font-size-asian="10pt" style:font-name-complex="Liberation Mono" style:font-family-complex="&apos;Liberation Mono&apos;" style:font-family-generic-complex="modern" style:font-pitch-complex="fixed" style:font-size-complex="10pt"/></style:style><style:style style:name="Internet_20_link" style:display-name="Internet link" style:family="text"><style:text-properties fo:color="#000080" loext:opacity="100%" style:text-underline-style="solid" style:text-underline-width="auto" style:text-underline-color="font-color"/></style:style><style:style style:name="Bullet_20_Symbols" style:display-name="Bullet Symbols" style:family="text"><style:text-properties style:font-name="OpenSymbol" fo:font-family="OpenSymbol" style:font-charset="x-symbol" style:font-name-asian="OpenSymbol" style:font-family-asian="OpenSymbol" style:font-charset-asian="x-symbol" style:font-name-complex="OpenSymbol" style:font-family-complex="OpenSymbol" style:font-charset-complex="x-symbol"/></style:style><style:style style:name="Source_20_Text" style:display-name="Source Text" style:family="text"><style:text-properties style:font-name="Liberation Mono" fo:font-family="&apos;Liberation Mono&apos;" style:font-family-generic="modern" style:font-pitch="fixed" style:font-name-asian="Noto Sans Mono CJK SC" style:font-family-asian="&apos;Noto Sans Mono CJK SC&apos;" style:font-family-generic-asian="modern" style:font-pitch-asian="fixed" style:font-name-complex="Liberation Mono" style:font-family-complex="&apos;Liberation Mono&apos;" style:font-family-generic-complex="modern" style:font-pitch-complex="fixed"/></style:style><style:style style:name="Numbering_20_Symbols" style:display-name="Numbering Symbols" style:family="text"/><style:style style:name="Emphasis" style:family="text"><style:text-properties fo:font-style="italic" style:font-style-asian="italic" style:font-style-complex="italic"/></style:style><style:style style:name="Graphics" style:family="graphic"><style:graphic-properties text:anchor-type="paragraph" svg:x="0in" svg:y="0in" style:wrap="dynamic" style:number-wrapped-paragraphs="no-limit" style:wrap-contour="false" style:vertical-pos="top" style:vertical-rel="paragraph" style:horizontal-pos="center" style:horizontal-rel="paragraph" draw:fill="none"/></style:style><text:outline-style style:name="Outline"><text:outline-level-style text:level="1" style:num-format=""><style:list-level-properties text:list-level-position-and-space-mode="label-alignment"><style:list-level-label-alignment text:label-followed-by="listtab"/></style:list-level-properties></text:outline-level-style><text:outline-level-style text:level="2" style:num-format=""><style:list-level-properties text:list-level-position-and-space-mode="label-alignment"><style:list-level-label-alignment text:label-followed-by="listtab"/></style:list-level-properties></text:outline-level-style><text:outline-level-style text:level="3" style:num-format=""><style:list-level-properties text:list-level-position-and-space-mode="label-alignment"><style:list-level-label-alignment text:label-followed-by="listtab"/></style:list-level-properties></text:outline-level-style><text:outline-level-style text:level="4" style:num-format=""><style:list-level-properties text:list-level-position-and-space-mode="label-alignment"><style:list-level-label-alignment text:label-followed-by="listtab"/></style:list-level-properties></text:outline-level-style><text:outline-level-style text:level="5" style:num-format=""><style:list-level-properties text:list-level-position-and-space-mode="label-alignment"><style:list-level-label-alignment text:label-followed-by="listtab"/></style:list-level-properties></text:outline-level-style><text:outline-level-style text:level="6" style:num-format=""><style:list-level-properties text:list-level-position-and-space-mode="label-alignment"><style:list-level-label-alignment text:label-followed-by="listtab"/></style:list-level-properties></text:outline-level-style><text:outline-level-style text:level="7" style:num-format=""><style:list-level-properties text:list-level-position-and-space-mode="label-alignment"><style:list-level-label-alignment text:label-followed-by="listtab"/></style:list-level-properties></text:outline-level-style><text:outline-level-style text:level="8" style:num-format=""><style:list-level-properties text:list-level-position-and-space-mode="label-alignment"><style:list-level-label-alignment text:label-followed-by="listtab"/></style:list-level-properties></text:outline-level-style><text:outline-level-style text:level="9" style:num-format=""><style:list-level-properties text:list-level-position-and-space-mode="label-alignment"><style:list-level-label-alignment text:label-followed-by="listtab"/></style:list-level-properties></text:outline-level-style><text:outline-level-style text:level="10" style:num-format=""><style:list-level-properties text:list-level-position-and-space-mode="label-alignment"><style:list-level-label-alignment text:label-followed-by="listtab"/></style:list-level-properties></text:outline-level-style></text:outline-style><text:notes-configuration text:note-class="footnote" style:num-format="1" text:start-value="0" text:footnotes-position="page" text:start-numbering-at="document"/><text:notes-configuration text:note-class="endnote" style:num-format="i" text:start-value="0"/><text:linenumbering-configuration text:number-lines="false" text:offset="0.1965in" style:num-format="1" text:number-position="left" text:increment="5"/><loext:theme loext:name="Office"><loext:theme-colors loext:name="LibreOffice"><loext:color loext:name="dark1" loext:color="#000000"/><loext:color loext:name="light1" loext:color="#ffffff"/><loext:color loext:name="dark2" loext:color="#000000"/><loext:color loext:name="light2" loext:color="#ffffff"/><loext:color loext:name="accent1" loext:color="#18a303"/><loext:color loext:name="accent2" loext:color="#0369a3"/><loext:color loext:name="accent3" loext:color="#a33e03"/><loext:color loext:name="accent4" loext:color="#8e03a3"/><loext:color loext:name="accent5" loext:color="#c99c00"/><loext:color loext:name="accent6" loext:color="#c9211e"/><loext:color loext:name="hyperlink" loext:color="#0000ee"/><loext:color loext:name="followed-hyperlink" loext:color="#551a8b"/></loext:theme-colors></loext:theme></office:styles><office:automatic-styles><style:page-layout style:name="Mpm1"><style:page-layout-properties fo:page-width="8.5in" fo:page-height="11in" style:num-format="1" style:print-orientation="portrait" fo:margin-top="0.7874in" fo:margin-bottom="0.7874in" fo:margin-left="0.7874in" fo:margin-right="0.7874in" style:writing-mode="lr-tb" style:footnote-max-height="0in" loext:margin-gutter="0in"><style:footnote-sep style:width="0.0071in" style:distance-before-sep="0.0398in" style:distance-after-sep="0.0398in" style:line-style="solid" style:adjustment="left" style:rel-width="25%" style:color="#000000"/></style:page-layout-properties><style:header-style/><style:footer-style/></style:page-layout></office:automatic-styles><office:master-styles><style:master-page style:name="Standard" style:page-layout-name="Mpm1"/></office:master-styles></office:document-styles>