{
  "hash": "0f5900fd",
  "configHash": "42c0b85b",
  "lockfileHash": "6e4823d3",
  "browserHash": "24199fba",
  "optimized": {
    "react": {
      "src": "../../react/index.js",
      "file": "react.js",
      "fileHash": "c7f6e1cc",
      "needsInterop": true
    },
    "react-dom": {
      "src": "../../react-dom/index.js",
      "file": "react-dom.js",
      "fileHash": "6e2efd89",
      "needsInterop": true
    },
    "react/jsx-dev-runtime": {
      "src": "../../react/jsx-dev-runtime.js",
      "file": "react_jsx-dev-runtime.js",
      "fileHash": "3761fd87",
      "needsInterop": true
    },
    "react/jsx-runtime": {
      "src": "../../react/jsx-runtime.js",
      "file": "react_jsx-runtime.js",
      "fileHash": "6bf85a4d",
      "needsInterop": true
    },
    "@google/genai": {
      "src": "../../@google/genai/dist/web/index.mjs",
      "file": "@google_genai.js",
      "fileHash": "bd1bb985",
      "needsInterop": false
    },
    "jszip": {
      "src": "../../jszip/dist/jszip.min.js",
      "file": "jszip.js",
      "fileHash": "8438029d",
      "needsInterop": true
    },
    "react-dom/client": {
      "src": "../../react-dom/client.js",
      "file": "react-dom_client.js",
      "fileHash": "04689b05",
      "needsInterop": true
    }
  },
  "chunks": {
    "chunk-T4EUF24Z": {
      "file": "chunk-T4EUF24Z.js"
    },
    "chunk-VK7NP5LZ": {
      "file": "chunk-VK7NP5LZ.js"
    },
    "chunk-VUNV25KB": {
      "file": "chunk-VUNV25KB.js"
    }
  }
}